,Neighbourhood,Neighbourhood Latitude,Neighbourhood Longitude,Venue,Venue Latitude,Venue Longitude,Venue Category
3,Loyal Heights,47.68327611825291,-122.38490775305536,Cafe Munir,47.68690805359445,-122.38799637355696,Middle Eastern Restaurant
8,Loyal Heights,47.68327611825291,-122.38490775305536,Robertino's,47.68689602986237,-122.38810262449806,Café
13,Adams,47.670089099418966,-122.3862946780414,Pestle Rock,47.66853238288658,-122.38661516925326,Thai Restaurant
14,Adams,47.670089099418966,-122.3862946780414,La Carta De Oaxaca,47.6681689403781,-122.38576711568744,Mexican Restaurant
15,Adams,47.670089099418966,-122.3862946780414,Ocho,47.66858851536586,-122.38744605331456,Tapas Restaurant
23,Adams,47.670089099418966,-122.3862946780414,Gather Kitchen + Bar,47.6697229723674,-122.38491065982052,New American Restaurant
25,Adams,47.670089099418966,-122.3862946780414,Vain,47.66757498295675,-122.38475619233688,Salon / Barbershop
28,Adams,47.670089099418966,-122.3862946780414,Pink Bee,47.669632,-122.382668,Thai Restaurant
31,Adams,47.670089099418966,-122.3862946780414,Skål Beer Hall,47.66804670045908,-122.38581667933067,Beer Bar
32,Adams,47.670089099418966,-122.3862946780414,Mr. Gyros,47.669304093851295,-122.38201770061768,Mediterranean Restaurant
36,Adams,47.670089099418966,-122.3862946780414,Little Tin Goods & Apothecary Cabinet,47.667091873627314,-122.38427536508348,Cocktail Bar
40,Whittier Heights,47.6832961922964,-122.37142025116896,Un Bien,47.68163662900125,-122.37663719087422,Caribbean Restaurant
45,Whittier Heights,47.6832961922964,-122.37142025116896,Essex,47.6794855750636,-122.37489114357932,Cocktail Bar
48,Whittier Heights,47.6832961922964,-122.37142025116896,Viet Nam Restaurant,47.68074174164696,-122.3765923409503,Vietnamese Restaurant
49,Whittier Heights,47.6832961922964,-122.37142025116896,Thunderbird Tavern,47.683719080025554,-122.37702409468814,Bar
50,Whittier Heights,47.6832961922964,-122.37142025116896,Sazon Kitchen,47.681571,-122.377033,Mexican Restaurant
51,Whittier Heights,47.6832961922964,-122.37142025116896,Waterwheel Lounge,47.68056627268515,-122.3763768307792,Karaoke Bar
52,Whittier Heights,47.6832961922964,-122.37142025116896,Tarasco,47.67965307371493,-122.3747641605407,Bar
60,West Woodland,47.66787434216366,-122.36855994221962,Trailbend Taproom,47.66515536499787,-122.37157687427263,Beer Bar
74,West Woodland,47.66787434216366,-122.36855994221962,Ballard Mandarin,47.668893916380206,-122.36598440584147,Chinese Restaurant
100,University District,47.65972838933905,-122.30833161801831,Shawarma King,47.66092348228639,-122.31319861700942,Mediterranean Restaurant
101,University District,47.65972838933905,-122.30833161801831,Pho Shizzle,47.659345641209,-122.3134034872055,Vietnamese Restaurant
102,University District,47.65972838933905,-122.30833161801831,Sizzle&Crunch,47.658331064824885,-122.313561130449,Vietnamese Restaurant
103,University District,47.65972838933905,-122.30833161801831,Ugly Mug Cafe,47.65986648519373,-122.31367437660944,Café
106,University District,47.65972838933905,-122.30833161801831,Aladdin Gyro-Cery,47.65799034562859,-122.3133720522155,Middle Eastern Restaurant
107,University District,47.65972838933905,-122.30833161801831,Taste of Xi'an,47.661957072723055,-122.31333743786143,Chinese Restaurant
109,University District,47.65972838933905,-122.30833161801831,Saigon Deli,47.65820490304947,-122.314335102769,Vietnamese Restaurant
110,University District,47.65972838933905,-122.30833161801831,H-Mart,47.65895769658186,-122.31319932286324,Grocery Store
119,University District,47.65972838933905,-122.30833161801831,Thai Tom,47.6626054903407,-122.313312292099,Thai Restaurant
120,University District,47.65972838933905,-122.30833161801831,川宗 Red Pepper,47.6626757065786,-122.31325548950012,Chinese Restaurant
122,University District,47.65972838933905,-122.30833161801831,Myung-dong Soft Tofu House Korean Restaurant,47.65828344387334,-122.3139603916894,Korean Restaurant
124,University District,47.65972838933905,-122.30833161801831,Little Thai,47.65828779071395,-122.31383058633205,Thai Restaurant
125,University District,47.65972838933905,-122.30833161801831,University Teriyaki,47.65723181407389,-122.3131115294926,Asian Restaurant
127,University District,47.65972838933905,-122.30833161801831,Thanh Vi,47.65912961829663,-122.31320341612232,Vietnamese Restaurant
129,East Queen Anne,47.63610855858225,-122.34952141259647,Lyon's Grocery,47.63774751414437,-122.34352719258987,Grocery Store
132,West Queen Anne,47.63446593980578,-122.367138236298,Targy's Tavern,47.63781934037198,-122.36507407531748,Dive Bar
134,West Queen Anne,47.63446593980578,-122.367138236298,Via Tribunali,47.63225947149072,-122.36136527766216,Italian Restaurant
141,Lower Queen Anne,47.62482439665341,-122.35509741564088,Metropolitan Market,47.62474166417963,-122.35499191713085,Grocery Store
142,Lower Queen Anne,47.62482439665341,-122.35509741564088,Coba Viet Kitchen & Ale House,47.62417251491562,-122.3552424175114,Vietnamese Restaurant
143,Lower Queen Anne,47.62482439665341,-122.35509741564088,Sal Y Limon,47.62466823038943,-122.35621581762906,Mexican Restaurant
144,Lower Queen Anne,47.62482439665341,-122.35509741564088,Toulouse Petit Kitchen & Lounge,47.624761147936056,-122.3568293998538,Cajun / Creole Restaurant
145,Lower Queen Anne,47.62482439665341,-122.35509741564088,The Masonry,47.62534950408276,-122.35566063654409,Bar
150,Lower Queen Anne,47.62482439665341,-122.35509741564088,Shiki Japanese Restaurant,47.62576223873566,-122.35706879879834,Japanese Restaurant
152,Lower Queen Anne,47.62482439665341,-122.35509741564088,Cafe Goldinblack,47.62514576037756,-122.35668471705952,Korean Restaurant
154,Lower Queen Anne,47.62482439665341,-122.35509741564088,Taylor Shellfish Oyster Bar Queen Anne,47.62335780166168,-122.35430187658056,Seafood Restaurant
163,Lower Queen Anne,47.62482439665341,-122.35509741564088,Paju,47.624384,-122.356203,Korean Restaurant
176,North Queen Anne,47.64713772374516,-122.36528905464137,C Store,47.64974151309204,-122.36410083401456,American Restaurant
180,Westlake,47.63248901972592,-122.34165148327192,The Toledo,47.63387023053948,-122.3421342168882,Cocktail Bar
181,Westlake,47.63248901972592,-122.34165148327192,Pasta Freska,47.632872825114376,-122.3409347105296,Italian Restaurant
187,Westlake,47.63248901972592,-122.34165148327192,Koibito Sushi & Teriyaki,47.6298699073962,-122.34262575645332,Japanese Restaurant
190,Westlake,47.63248901972592,-122.34165148327192,Lakeview Deli,47.63260451129334,-122.34104247254488,Café
203,Eastlake,47.64219980770673,-122.325461088481,Pete's Supermarket & Wine Shop,47.63984148993716,-122.3290809348918,Grocery Store
205,Eastlake,47.64219980770673,-122.325461088481,Serafina,47.638110272572256,-122.3259943256236,Italian Restaurant
207,Eastlake,47.64219980770673,-122.325461088481,Cicchetti,47.63809505791794,-122.326392276065,Italian Restaurant
209,Eastlake,47.64219980770673,-122.325461088481,Abay Ethiopian Restaurant,47.6412303103596,-122.3200447153544,Ethiopian Restaurant
213,Eastlake,47.64219980770673,-122.325461088481,Roanoke Park Place Tavern,47.641737756028654,-122.32034554074563,Bar
216,Eastlake,47.64219980770673,-122.325461088481,Pomodoro Restaurant,47.64168195019798,-122.32587890800669,Italian Restaurant
217,Eastlake,47.64219980770673,-122.325461088481,Pecado Bueno,47.641152320787086,-122.3257692410152,Mexican Restaurant
221,Eastlake,47.64219980770673,-122.325461088481,Salee Thai,47.641151,-122.320328,Thai Restaurant
228,South Lake Union,47.62409435738327,-122.33569314486188,Bar Harbor,47.62227573747293,-122.3343025696054,Bar
231,South Lake Union,47.62409435738327,-122.33569314486188,The Berliner Döner Kebab,47.6228556777376,-122.33851877956616,Turkish Restaurant
233,South Lake Union,47.62409435738327,-122.33569314486188,Mbar,47.62280989583523,-122.3338989488895,American Restaurant
236,South Lake Union,47.62409435738327,-122.33569314486188,Flatstick Pub,47.624974447126526,-122.33839430488082,Beer Bar
242,South Lake Union,47.62409435738327,-122.33569314486188,Kati Vegan Thai,47.620864233000646,-122.33334017463096,Vegetarian / Vegan Restaurant
248,South Lake Union,47.62409435738327,-122.33569314486188,Veggie Grill,47.6230785,-122.3369198,Vegetarian / Vegan Restaurant
249,South Lake Union,47.62409435738327,-122.33569314486188,Portage Bay Cafe,47.62181094445847,-122.3373421508227,American Restaurant
255,South Lake Union,47.62409435738327,-122.33569314486188,Cactus,47.62187354245006,-122.33710833098336,Mexican Restaurant
269,Southeast Magnolia,47.64173607812332,-122.39253221124072,Ichiro Sushi & Teriyaki,47.6406451088129,-122.39836109552792,Japanese Restaurant
271,Southeast Magnolia,47.64173607812332,-122.39253221124072,Albertsons,47.6423873,-122.3981868,Grocery Store
274,Madrona,47.61330104584788,-122.28893982199374,Bottlehouse,47.613475912356726,-122.2891614005053,Wine Bar
275,Madrona,47.61330104584788,-122.28893982199374,Vendemmia,47.61245956512908,-122.28927116103112,Italian Restaurant
277,Madrona,47.61330104584788,-122.28893982199374,Bistro Turkuaz,47.6120499963144,-122.28924766424409,Turkish Restaurant
278,Madrona,47.61330104584788,-122.28893982199374,June,47.61361265640899,-122.28937783385996,Asian Restaurant
280,Madrona,47.61330104584788,-122.28893982199374,Cafe Soleil,47.61297138770175,-122.28921446700868,Ethiopian Restaurant
282,Madrona,47.61330104584788,-122.28893982199374,Red Cow,47.613560442943786,-122.28938230779568,French Restaurant
283,Madrona,47.61330104584788,-122.28893982199374,Madrona Arms,47.61283800218885,-122.28921800958618,Bar
285,Madrona,47.61330104584788,-122.28893982199374,Naam Thai Cuisine,47.613080676009936,-122.28923452812792,Thai Restaurant
288,Madrona,47.61330104584788,-122.28893982199374,East Anchor Seafood,47.61253,-122.289309,Seafood Restaurant
295,Harrison - Denny-Blaine,47.62359284893102,-122.28720241132044,Arosa Cafe,47.6262604,-122.2914375,Café
296,Harrison - Denny-Blaine,47.62359284893102,-122.28720241132044,Nishino,47.62681457343405,-122.29180317016012,Sushi Restaurant
306,Harrison - Denny-Blaine,47.62359284893102,-122.28720241132044,Teriyaki Bowl,47.62632739005447,-122.29196967459684,Asian Restaurant
311,Minor,47.60882957306102,-122.30920292145508,701 Coffee,47.60814058922751,-122.30297573762064,Café
316,Leschi,47.60001519482449,-122.29112399704871,Leschi Food Mart  ( Leschi Market ),47.60190346646864,-122.28538592643214,Grocery Store
318,Leschi,47.60001519482449,-122.29112399704871,BluWater Bistro - Leschi,47.601827050705566,-122.28510086113003,American Restaurant
328,Mann,47.61174488923975,-122.29937930409292,Twilight Exit,47.60817480431591,-122.29945382590196,Bar
329,Mann,47.61174488923975,-122.29937930409292,Cafe Selam,47.60786326046941,-122.29730498390884,Ethiopian Restaurant
330,Mann,47.61174488923975,-122.29937930409292,adey abeba,47.612735,-122.303843,Ethiopian Restaurant
332,Mann,47.61174488923975,-122.29937930409292,Cherry Street Thai,47.60806193949318,-122.29655615650933,Thai Restaurant
336,Mann,47.61174488923975,-122.29937930409292,Grocery Outlet,47.6124193,-122.2958205,Grocery Store
337,Mann,47.61174488923975,-122.29937930409292,The Neighbor Lady,47.61309048229276,-122.30216287864693,Bar
339,Mann,47.61174488923975,-122.29937930409292,Meskel Ethiopian Restaurant,47.607904187989526,-122.2986355255055,Ethiopian Restaurant
352,Atlantic,47.59357853472584,-122.30386453899332,San Fernando Roasted Peruvian Chicken,47.593940557006746,-122.30985713383448,South American Restaurant
358,Atlantic,47.59357853472584,-122.30386453899332,Café Weekend,47.594621,-122.30963,Café
367,Pike-Market,47.60945579069119,-122.34231358527808,JarrBar,47.60829164988336,-122.3410413650964,Spanish Restaurant
368,Pike-Market,47.60945579069119,-122.34231358527808,Rachel's Ginger Beer,47.6096483317265,-122.34142532549396,Cocktail Bar
371,Pike-Market,47.60945579069119,-122.34231358527808,Pike Place Chowder,47.609424244253056,-122.34115260010437,Seafood Restaurant
374,Pike-Market,47.60945579069119,-122.34231358527808,The Pink Door,47.61021902010718,-122.34257535965538,Italian Restaurant
376,Pike-Market,47.60945579069119,-122.34231358527808,Conversation,47.61087915638172,-122.34109997749329,New American Restaurant
377,Pike-Market,47.60945579069119,-122.34231358527808,Cafe Campagne,47.60965387058825,-122.34148136820502,French Restaurant
379,Pike-Market,47.60945579069119,-122.34231358527808,Sushi Kashiba,47.6099251,-122.3415442,Sushi Restaurant
380,Pike-Market,47.60945579069119,-122.34231358527808,Turkish Delight,47.610304270667775,-122.34328984504724,Mediterranean Restaurant
382,Pike-Market,47.60945579069119,-122.34231358527808,Oriental Mart,47.60891466943159,-122.34051646497169,Filipino Restaurant
383,Pike-Market,47.60945579069119,-122.34231358527808,Market Grill,47.60889700598648,-122.34101077483136,Seafood Restaurant
391,Pike-Market,47.60945579069119,-122.34231358527808,Miss Cafe,47.609507,-122.340975,Turkish Restaurant
392,Belltown,47.61551383267263,-122.34425395558036,G.H. Pasta Co.,47.61673851175632,-122.34227607219457,Restaurant
398,Belltown,47.61551383267263,-122.34425395558036,Shiro's,47.61478173286192,-122.34738623053931,Sushi Restaurant
401,Belltown,47.61551383267263,-122.34425395558036,Bangrak Market,47.61429060946862,-122.34653057854128,Thai Restaurant
402,Belltown,47.61551383267263,-122.34425395558036,Karaage Setsuna,47.61513335258734,-122.3475800701562,Japanese Restaurant
403,Belltown,47.61551383267263,-122.34425395558036,Umi Sake House,47.61328539995486,-122.3461109522722,Sushi Restaurant
407,Belltown,47.61551383267263,-122.34425395558036,Tavolàta,47.61431309771801,-122.34667656072256,Italian Restaurant
408,Belltown,47.61551383267263,-122.34425395558036,Roquette,47.613381,-122.345922,Bar
409,Belltown,47.61551383267263,-122.34425395558036,La Fontana Siciliana,47.61307798764166,-122.34471489452514,Italian Restaurant
411,Belltown,47.61551383267263,-122.34425395558036,Jupiter,47.613132987972485,-122.34384190602208,Bar
414,Belltown,47.61551383267263,-122.34425395558036,Al Basha Kabab,47.61357985356739,-122.34674977940212,Middle Eastern Restaurant
417,Belltown,47.61551383267263,-122.34425395558036,Wakefield Bar,47.6145257445991,-122.3463081290937,Bar
420,Belltown,47.61551383267263,-122.34425395558036,TeKu Tavern,47.61858580046448,-122.34601080358608,Beer Bar
421,Belltown,47.61551383267263,-122.34425395558036,Navy Strength,47.61535513110767,-122.34809571830388,Cocktail Bar
422,International District,47.5980714409322,-122.32185595286052,Lan Huê,47.59919596087398,-122.32022778202315,Vietnamese Restaurant
423,International District,47.5980714409322,-122.32185595286052,Gourmet Noodle Bowl,47.59622078262566,-122.32242382724108,Hotpot Restaurant
424,International District,47.5980714409322,-122.32185595286052,Green Leaf Vietnamese Restaurant,47.59858422766606,-122.3224386644867,Vietnamese Restaurant
427,International District,47.5980714409322,-122.32185595286052,Kau Kau Barbeque Market,47.59838388345117,-122.3248413522391,Chinese Restaurant
428,International District,47.5980714409322,-122.32185595286052,Chu Minh Tofu And Vegetarian Deli,47.59887052180144,-122.31751898103563,Vietnamese Restaurant
430,International District,47.5980714409322,-122.32185595286052,Ton Kiang Barbeque Noodle House,47.59737565800263,-122.32401727801872,Chinese Restaurant
433,International District,47.5980714409322,-122.32185595286052,Szechuan Noodle Bowl,47.59851922711214,-122.32255945985528,Chinese Restaurant
435,International District,47.5980714409322,-122.32185595286052,Tamarind Tree,47.59982899733872,-122.317890664451,Vietnamese Restaurant
440,International District,47.5980714409322,-122.32185595286052,Shabu Chic,47.5996335306155,-122.31879049162298,Japanese Restaurant
442,International District,47.5980714409322,-122.32185595286052,Chengdu Memory,47.599264,-122.326785,Chinese Restaurant
443,International District,47.5980714409322,-122.32185595286052,Tsukushinbo,47.59996315315612,-122.32687778842212,Japanese Restaurant
444,International District,47.5980714409322,-122.32185595286052,Hood Famous Cafe + Bar,47.59800673680192,-122.32776719034057,Café
446,International District,47.5980714409322,-122.32185595286052,Mike's Noodle House,47.598653999593566,-122.32488870620728,Chinese Restaurant
449,International District,47.5980714409322,-122.32185595286052,Vietnam House,47.59977372229291,-122.3178258509099,Vietnamese Restaurant
450,International District,47.5980714409322,-122.32185595286052,Maneki,47.5996748528453,-122.32636588867386,Sushi Restaurant
451,International District,47.5980714409322,-122.32185595286052,Saigon Deli,47.59908354262406,-122.31536995647215,Vietnamese Restaurant
452,Central Business District,47.60818627266193,-122.33487694417126,The Capital Grille,47.60811479979853,-122.33507741481772,American Restaurant
457,Central Business District,47.60818627266193,-122.33487694417126,Purple Café & Wine Bar,47.60808617171844,-122.33495508012145,Wine Bar
458,Central Business District,47.60818627266193,-122.33487694417126,Georgian Room,47.60810471111521,-122.33400367228325,New American Restaurant
461,Central Business District,47.60818627266193,-122.33487694417126,Veggie Grill,47.6098817,-122.3366367,Vegetarian / Vegan Restaurant
473,Central Business District,47.60818627266193,-122.33487694417126,Japonessa,47.6079701999744,-122.33876120593776,Sushi Restaurant
480,Central Business District,47.60818627266193,-122.33487694417126,Pasta Casalinga,47.60849654421251,-122.34002813613172,Italian Restaurant
484,First Hill,47.60990952903656,-122.32395085534796,Pho Saigon Asian Cuisine,47.609219334918166,-122.3256596399003,Asian Restaurant
489,First Hill,47.60990952903656,-122.32395085534796,Sushi Kanpai,47.60744771413414,-122.32804463671567,Sushi Restaurant
492,First Hill,47.60990952903656,-122.32395085534796,Primo,47.60892189569463,-122.32937014438778,Italian Restaurant
493,First Hill,47.60990952903656,-122.32395085534796,Yoshino Teriyaki,47.60913310544385,-122.32596169369836,Asian Restaurant
496,First Hill,47.60990952903656,-122.32395085534796,Life On Mars,47.614155,-122.322329,Cocktail Bar
498,First Hill,47.60990952903656,-122.32395085534796,Soi,47.61296476015443,-122.31928659634713,Thai Restaurant
501,First Hill,47.60990952903656,-122.32395085534796,Dunbar Room at Hotel Sorrento,47.60895600310357,-122.32673531911811,Restaurant
508,First Hill,47.60990952903656,-122.32395085534796,Quarter Lounge,47.60853914252794,-122.32695068368928,Bar
509,First Hill,47.60990952903656,-122.32395085534796,Cedars in Capitol Hill,47.6063236,-122.3204399,Indian Restaurant
511,Yesler Terrace,47.60318065338865,-122.3210375145991,Jucivana Coffee,47.60152566685775,-122.31713351526552,Juice Bar
512,Yesler Terrace,47.60318065338865,-122.3210375145991,Lan Huê,47.59919596087398,-122.32022778202315,Vietnamese Restaurant
513,Yesler Terrace,47.60318065338865,-122.3210375145991,Tamarind Tree,47.59982899733872,-122.317890664451,Vietnamese Restaurant
516,Yesler Terrace,47.60318065338865,-122.3210375145991,Shabu Chic,47.5996335306155,-122.31879049162298,Japanese Restaurant
517,Yesler Terrace,47.60318065338865,-122.3210375145991,Vietnam House,47.59977372229291,-122.3178258509099,Vietnamese Restaurant
519,Yesler Terrace,47.60318065338865,-122.3210375145991,Sichuanese Cuisine,47.599445449722246,-122.31755528969278,Chinese Restaurant
521,Yesler Terrace,47.60318065338865,-122.3210375145991,Bonchon Korean Fried Chicken,47.60710681355059,-122.32060516211064,Korean Restaurant
522,Yesler Terrace,47.60318065338865,-122.3210375145991,Cedars in Capitol Hill,47.6063236,-122.3204399,Indian Restaurant
523,Yesler Terrace,47.60318065338865,-122.3210375145991,Zobel Ethiopian Restaurant,47.605996000000005,-122.31598,Ethiopian Restaurant
525,Pioneer Square,47.59778432785827,-122.33405940633332,Il Terrazzo Carmine,47.59882839638095,-122.33469539437856,Italian Restaurant
526,Pioneer Square,47.59778432785827,-122.33405940633332,Salumi,47.59905221960695,-122.3328224560986,Italian Restaurant
528,Pioneer Square,47.59778432785827,-122.33405940633332,Taylor Shellfish Oyster Bar,47.59873691346935,-122.33274587273796,Seafood Restaurant
534,Pioneer Square,47.59778432785827,-122.33405940633332,The Little London Plane,47.59929012014212,-122.33278667766864,Wine Bar
536,Pioneer Square,47.59778432785827,-122.33405940633332,Pioneer Square D&E,47.599468,-122.331497,New American Restaurant
539,Pioneer Square,47.59778432785827,-122.33405940633332,Good Bar,47.60011606018805,-122.3315971380008,Cocktail Bar
544,Pioneer Square,47.59778432785827,-122.33405940633332,Damn the Weather,47.601004162802,-122.334119031303,Cocktail Bar
546,Pioneer Square,47.59778432785827,-122.33405940633332,King Street Bar & Oven,47.598325796960346,-122.33216349163612,Pub
547,Pioneer Square,47.59778432785827,-122.33405940633332,Altstadt,47.60048,-122.334399,German Restaurant
548,Pioneer Square,47.59778432785827,-122.33405940633332,Hood Famous Cafe + Bar,47.59800673680192,-122.32776719034057,Café
549,Pioneer Square,47.59778432785827,-122.33405940633332,Smith Tower Observation Bar,47.602012114767625,-122.33179258432052,Cocktail Bar
551,Pioneer Square,47.59778432785827,-122.33405940633332,The London Plane,47.60004034945503,-122.3328034077415,Café
553,Pioneer Square,47.59778432785827,-122.33405940633332,Dough Zone Dumpling House,47.59793086989331,-122.32762427885967,Dumpling Restaurant
558,Interbay,47.64172700266643,-122.38106741548016,Time 4 Pho,47.64540100680548,-122.38246941849324,Vietnamese Restaurant
564,Interbay,47.64172700266643,-122.38106741548016,Americano diner,47.644921,-122.382676,Café
567,Interbay,47.64172700266643,-122.38106741548016,Corner Store,47.64517045837808,-122.38299840587864,Grocery Store
569,Interbay,47.64172700266643,-122.38106741548016,Josefina's Mexican Grill,47.6452891908722,-122.38264330432024,Mexican Restaurant
570,Interbay,47.64172700266643,-122.38106741548016,New China Express,47.645269,-122.383116,Asian Restaurant
589,North Admiral,47.5791257046394,-122.38706632576296,Circa Grill and Ale House,47.581030301082826,-122.38662124034882,American Restaurant
591,North Admiral,47.5791257046394,-122.38706632576296,Great Clips,47.580675479951694,-122.38626167178154,Salon / Barbershop
594,North Admiral,47.5791257046394,-122.38706632576296,Mawadda Cafe,47.58136694701016,-122.38649906197864,Middle Eastern Restaurant
597,North Admiral,47.5791257046394,-122.38706632576296,Mission Latin Restaurant & Lounge,47.582246,-122.386889,Mexican Restaurant
601,North Admiral,47.5791257046394,-122.38706632576296,Arthur's,47.582579176696576,-122.3866341423226,Australian Restaurant
602,North Admiral,47.5791257046394,-122.38706632576296,New Leaf Bistro,47.58165473177308,-122.38639269223088,Vietnamese Restaurant
605,North Admiral,47.5791257046394,-122.38706632576296,Vidiot,47.58148800684525,-122.38574767670175,Bar
608,North Admiral,47.5791257046394,-122.38706632576296,Pailin Thai,47.5832986031574,-122.38656476872994,Thai Restaurant
611,North Admiral,47.5791257046394,-122.38706632576296,Yen Wor Village Restaurant,47.58279695415669,-122.38636143998444,Chinese Restaurant
613,North Admiral,47.5791257046394,-122.38706632576296,Copper Coin,47.58212218149129,-122.38660194789024,Pub
615,North Admiral,47.5791257046394,-122.38706632576296,Admiral Pub,47.58270022315835,-122.38630421109264,Pub
616,North Admiral,47.5791257046394,-122.38706632576296,Safeway,47.57998394678411,-122.38636578902435,Grocery Store
617,North Admiral,47.5791257046394,-122.38706632576296,Jack in the Box,47.58095139562644,-122.3856407403946,Fast Food Restaurant
620,Fairmount Park,47.55510127782201,-122.38052462359002,Thaitan,47.554017677219946,-122.3867377319595,Thai Restaurant
625,Genesee,47.56524558649574,-122.38759028224112,Itto's Tapas - Moroccan and Spanish Tapas Bar & Restaurant,47.56474933843798,-122.38659831785066,Tapas Restaurant
631,Genesee,47.56524558649574,-122.38759028224112,Maharaja,47.56158958493602,-122.38662745591184,Indian Restaurant
638,Genesee,47.56524558649574,-122.38759028224112,The Matador,47.56148672837258,-122.38660617752944,Mexican Restaurant
641,Genesee,47.56524558649574,-122.38759028224112,Shadowland,47.56295164026725,-122.38665273932794,American Restaurant
643,Genesee,47.56524558649574,-122.38759028224112,Kizuki West Seattle,47.56093130000001,-122.3857622,Ramen Restaurant
648,Genesee,47.56524558649574,-122.38759028224112,Raccolto,47.56514582075499,-122.38688315352864,Italian Restaurant
655,Fauntleroy,47.5225984976167,-122.388688710105,Endolyne Joe's,47.5205535797457,-122.3905293052,American Restaurant
665,North Beacon Hill,47.578359836775135,-122.3097722184586,Homer,47.57670576175754,-122.30999759859748,Mediterranean Restaurant
667,North Beacon Hill,47.578359836775135,-122.3097722184586,Fresh Flours Bakery & Cafe,47.578702643269054,-122.31142699145131,Café
671,North Beacon Hill,47.578359836775135,-122.3097722184586,Oak,47.57642966463917,-122.30980314956732,Pub
672,North Beacon Hill,47.578359836775135,-122.3097722184586,El Quetzal,47.57472195394037,-122.30931528938012,Mexican Restaurant
673,North Beacon Hill,47.578359836775135,-122.3097722184586,Baja Bistro,47.58155456555108,-122.31425554156392,Mexican Restaurant
676,North Beacon Hill,47.578359836775135,-122.3097722184586,Hilltop Red Apple Market,47.57917651372702,-122.31205374933708,Grocery Store
680,North Beacon Hill,47.578359836775135,-122.3097722184586,Pippys Cafe,47.576774,-122.310176,Café
685,North Beacon Hill,47.578359836775135,-122.3097722184586,Musang,47.580242,-122.31294,Filipino Restaurant
686,North Beacon Hill,47.578359836775135,-122.3097722184586,El Delicioso,47.580827,-122.313099,Mexican Restaurant
687,North Beacon Hill,47.578359836775135,-122.3097722184586,beacon hill market,47.58093850714416,-122.31322336827,Grocery Store
689,North Beacon Hill,47.578359836775135,-122.3097722184586,Carnitas Michoacan,47.58091774121714,-122.31362323294688,Mexican Restaurant
690,North Beacon Hill,47.578359836775135,-122.3097722184586,Luisa Taqueria,47.58076858520508,-122.31391143798828,Mexican Restaurant
697,South Beacon Hill,47.52712284938664,-122.28985503717274,Cucina Fresca,47.52846728520127,-122.29397385442329,Italian Restaurant
705,Holly Park,47.539509797668366,-122.28834331736331,The Cajun Crawfish,47.53928997120634,-122.28267717852206,Cajun / Creole Restaurant
707,Holly Park,47.539509797668366,-122.28834331736331,Hoang Lan,47.53834883622972,-122.28202097084484,Vietnamese Restaurant
708,Holly Park,47.539509797668366,-122.28834331736331,Foo Lam,47.53848168684539,-122.2829479818834,Chinese Restaurant
712,Holly Park,47.539509797668366,-122.28834331736331,Venus Seafood Chinese Restaurant,47.53842190224066,-122.2830980910532,Chinese Restaurant
713,Holly Park,47.539509797668366,-122.28834331736331,Amazing Thai Lao Cuisine,47.541653,-122.283636,Thai Restaurant
714,Holly Park,47.539509797668366,-122.28834331736331,Thai Savon,47.541943,-122.283927,Asian Restaurant
715,Holly Park,47.539509797668366,-122.28834331736331,Thai Palms,47.541943,-122.283927,Thai Restaurant
717,Holly Park,47.539509797668366,-122.28834331736331,Ambrosia Tea & Espresso,47.5390018444739,-122.28244478248476,Café
718,Holly Park,47.539509797668366,-122.28834331736331,che dessert lounge,47.53853970239219,-122.28247172439796,Asian Restaurant
719,Holly Park,47.539509797668366,-122.28834331736331,Safeway,47.5374346,-122.2830543,Grocery Store
723,Brighton,47.53887201158371,-122.27535083516632,Huong Duong Sunflower,47.53781871254015,-122.2813544666586,Vietnamese Restaurant
729,Brighton,47.53887201158371,-122.27535083516632,Zest Fast Food,47.538777,-122.271008,Fast Food Restaurant
733,Brighton,47.53887201158371,-122.27535083516632,Jacksons Catfish Corner,47.53787557405205,-122.2703571212099,Seafood Restaurant
734,Brighton,47.53887201158371,-122.27535083516632,El Asadero,47.53724733537418,-122.28018074129658,Mexican Restaurant
735,Brighton,47.53887201158371,-122.27535083516632,Cafe Avole,47.542576,-122.272733,Café
739,Dunlap,47.5256353458644,-122.27064797058809,Jack in the Box,47.5217445996344,-122.26964324712752,Fast Food Restaurant
742,Dunlap,47.5256353458644,-122.27064797058809,Hair Art Beauty Supply,47.52277374267578,-122.26863098144533,Salon / Barbershop
745,Dunlap,47.5256353458644,-122.27064797058809,Sunset Cafe And Deli,47.52988168858835,-122.27016136278174,African Restaurant
754,Mount Baker,47.57801965153989,-122.2890577127676,Relish Fine Foods,47.57830451167025,-122.2881720826289,Café
759,Columbia City,47.55895744392826,-122.28617754445352,Columbia City Ale House,47.557431502191776,-122.2846250569044,Pub
761,Columbia City,47.55895744392826,-122.28617754445352,Island Soul Caribbean Bar and Cuisine,47.55813901839223,-122.28529369550688,Caribbean Restaurant
765,Columbia City,47.55895744392826,-122.28617754445352,La Teranga,47.557672242194045,-122.28507419561534,African Restaurant
766,Columbia City,47.55895744392826,-122.28617754445352,La Medusa,47.55848590327292,-122.28546572409248,Italian Restaurant
772,Columbia City,47.55895744392826,-122.28617754445352,Rookies Sports Bar & Grill,47.55782898132812,-122.28428554993344,American Restaurant
773,Columbia City,47.55895744392826,-122.28617754445352,Billiard Hoang,47.557272195929045,-122.29048003196088,Vietnamese Restaurant
775,Columbia City,47.55895744392826,-122.28617754445352,Hummingbird Saloon,47.55606238855604,-122.28407250770172,Bar
778,Columbia City,47.55895744392826,-122.28617754445352,El Sombrero,47.55809892962339,-122.28503113156448,Mexican Restaurant
780,Columbia City,47.55895744392826,-122.28617754445352,Lottie's Lounge,47.55776203283563,-122.28492878612764,Bar
783,Columbia City,47.55895744392826,-122.28617754445352,Jus Bar,47.55763825070477,-122.28485167187064,Juice Bar
784,Columbia City,47.55895744392826,-122.28617754445352,Wabi-Sabi Sushi Bar and Restaurant,47.557621679546735,-122.28501748132184,Sushi Restaurant
785,Columbia City,47.55895744392826,-122.28617754445352,The Spice Room,47.55752705422336,-122.2851186258251,Thai Restaurant
786,Columbia City,47.55895744392826,-122.28617754445352,Pho Bo,47.55964703506603,-122.28580964839053,Vietnamese Restaurant
789,Highland Park,47.52625753422921,-122.34322634182028,Morning Star mini-mart,47.522980915310974,-122.34698139781422,Grocery Store
805,High Point,47.54436612631187,-122.36877548892846,Pho Aroma,47.54548124018342,-122.37369087004674,Vietnamese Restaurant
821,Portage Bay,47.64638360937516,-122.31976225701416,Sushi Kappo Tamura,47.64866588843829,-122.32339821378416,Sushi Restaurant
823,Portage Bay,47.64638360937516,-122.31976225701416,Eastlake Bar & Grill,47.648563,-122.323875,American Restaurant
824,Portage Bay,47.64638360937516,-122.31976225701416,Little Water Cantina,47.64727122783545,-122.32514877569582,Mexican Restaurant
828,Montlake,47.64034517520172,-122.30707464980168,Cafe Lago,47.6396977895486,-122.30225550533684,Italian Restaurant
830,Montlake,47.64034517520172,-122.30707464980168,Traveler Montlake,47.63983042813917,-122.30223145031404,American Restaurant
831,Montlake,47.64034517520172,-122.30707464980168,Montlake Blvd Market,47.64348038649376,-122.3039151537126,Grocery Store
839,Montlake,47.64034517520172,-122.30707464980168,Mont's Market,47.6401306051473,-122.3019427357346,Grocery Store
842,Montlake,47.64034517520172,-122.30707464980168,Salon Blast,47.639765,-122.301714,Salon / Barbershop
843,Montlake,47.64034517520172,-122.30707464980168,Glam And Tonics AVEDA Salon,47.639765,-122.301714,Salon / Barbershop
854,Broadway,47.62424916436953,-122.32027513300557,Witness,47.62233857842506,-122.3209615563178,Cocktail Bar
857,Broadway,47.62424916436953,-122.32027513300557,Wedgwood II Vegetarian Thai,47.62265786482233,-122.32084083972204,Thai Restaurant
858,Broadway,47.62424916436953,-122.32027513300557,Cook Weaver,47.62510170196056,-122.32178191972945,Restaurant
862,Broadway,47.62424916436953,-122.32027513300557,Lionhead,47.6248805997334,-122.32082398938964,Szechuan Restaurant
863,Broadway,47.62424916436953,-122.32027513300557,Altura,47.62476315768852,-122.3211028556883,Italian Restaurant
864,Broadway,47.62424916436953,-122.32027513300557,Scream Salon,47.62100039896817,-122.32144178589692,Salon / Barbershop
865,Broadway,47.62424916436953,-122.32027513300557,Herb & Bitter Public House,47.623560360932245,-122.32091704223164,Cocktail Bar
866,Broadway,47.62424916436953,-122.32027513300557,The Deluxe Bar and Grill,47.6251138167224,-122.32119603216644,American Restaurant
868,Broadway,47.62424916436953,-122.32027513300557,Rom Mai Thai,47.62471467069717,-122.32106712925103,Thai Restaurant
869,Broadway,47.62424916436953,-122.32027513300557,Sol Liquor Lounge,47.624604720961216,-122.32543398650216,Cocktail Bar
873,Broadway,47.62424916436953,-122.32027513300557,Olmstead,47.621584,-122.320615,American Restaurant
874,Broadway,47.62424916436953,-122.32027513300557,Single Shot,47.62468755431367,-122.32543068483751,American Restaurant
876,Broadway,47.62424916436953,-122.32027513300557,Harry's Fine Foods,47.624402,-122.326771,Restaurant
878,Broadway,47.62424916436953,-122.32027513300557,Queen Sheba Ethiopian Restaurant,47.62000156404517,-122.32007228522367,Ethiopian Restaurant
880,Broadway,47.62424916436953,-122.32027513300557,Americana Restaurant,47.6205777,-122.321265,American Restaurant
881,Stevens,47.62686302831848,-122.3054333000059,Monsoon,47.624790698446255,-122.3073497336278,Vietnamese Restaurant
882,Stevens,47.62686302831848,-122.3054333000059,Vios Cafe and Market Place,47.62695193289235,-122.30743594602173,Greek Restaurant
894,Victory Heights,47.71077496398707,-122.30598665680397,Manna Teriyaki - Lake City,47.7099545283363,-122.30036964804626,Asian Restaurant
914,Cedar Park,47.72380685921152,-122.28729632780151,Pho Binh,47.72503163089719,-122.292060848797,Vietnamese Restaurant
929,Pinehurst,47.720388636371965,-122.31920022681236,Mani's Kitchen,47.718486,-122.318517,Indian Restaurant
949,Tourist District,47.73199805728968,-122.14789668895052,The Herbfarm,47.73333958315617,-122.14732819237948,New American Restaurant
951,Tourist District,47.73199805728968,-122.14789668895052,Barking Frog,47.73354768267381,-122.14730525107122,American Restaurant
954,Tourist District,47.73199805728968,-122.14789668895052,Purple Café and Wine Bar,47.73172034130812,-122.14194583792994,Wine Bar
955,Tourist District,47.73199805728968,-122.14789668895052,The Commons,47.732299174502025,-122.1419458136046,Café
957,Tourist District,47.73199805728968,-122.14789668895052,Sora Sushi,47.7319575057397,-122.14212244527144,Sushi Restaurant
959,Tourist District,47.73199805728968,-122.14789668895052,Hollywood Tavern,47.73322894284914,-122.15289239431236,Bar
962,Tourist District,47.73199805728968,-122.14789668895052,Gorman Winery Tasting Room,47.7330629034544,-122.14247776433248,Wine Bar
963,Tourist District,47.73199805728968,-122.14789668895052,Fireside Cellars,47.73360007242433,-122.14674778162076,Wine Bar
964,Tourist District,47.73199805728968,-122.14789668895052,Tinte Cellars Tasting Room,47.73154929558746,-122.14197160098588,Wine Bar
970,Town Center,47.75546151182401,-122.15532581761468,Moeida Asian Bistro,47.7568839824352,-122.15453892946245,Asian Restaurant
975,Town Center,47.75546151182401,-122.15532581761468,Pasta Nova Italiano,47.75329540497688,-122.1522265277322,Italian Restaurant
978,Town Center,47.75546151182401,-122.15532581761468,Haggen Northwest Fresh,47.75575231486169,-122.15735123322702,Grocery Store
980,Town Center,47.75546151182401,-122.15532581761468,Great Clips,47.754696366743474,-122.15793885293353,Salon / Barbershop
983,Town Center,47.75546151182401,-122.15532581761468,Pho Vina,47.75373026444351,-122.15364357719452,Vietnamese Restaurant
986,Town Center,47.75546151182401,-122.15532581761468,Rooney's Food & Spirits,47.75574132521285,-122.1521398367418,Sports Bar
991,Town Center,47.75546151182401,-122.15532581761468,Big Fish Grill,47.75473153235012,-122.15644028131494,Seafood Restaurant
992,Town Center,47.75546151182401,-122.15532581761468,Clay Oven,47.75338901366383,-122.15353144145496,Indian Restaurant
994,Town Center,47.75546151182401,-122.15532581761468,AKANE Ramen,47.75562135215655,-122.1512066089615,Asian Restaurant
1001,Lower West Ridge,47.73599010088663,-122.15979535935544,Isenhower Cellars,47.73692055656333,-122.1555548821066,Wine Bar
1005,North Industrial,47.76690425695999,-122.15282948330707,Patterson Cellars,47.76939492590702,-122.15131393104794,Wine Bar
1009,North Industrial,47.76690425695999,-122.15282948330707,Guardian Cellars,47.76944042833603,-122.15169351042891,Wine Bar
1010,North Industrial,47.76690425695999,-122.15282948330707,Sparkman Cellars,47.76957595494863,-122.15173216248849,Wine Bar
1031,Algona,47.28198638333622,-122.25042006208126,Coco Joe's Tiki Bar & Grill,47.279414795955866,-122.25087325894422,Bar
1035,Auburn,47.307018403949854,-122.21084853594844,Athens Pizza and Pasta,47.308102286300816,-122.21646547942072,Italian Restaurant
1036,Auburn,47.307018403949854,-122.21084853594844,Main Street Market,47.308523,-122.214112,Grocery Store
1039,Black Diamond,47.31305202492302,-122.01823094842992,Illusion Winery,47.31028366088867,-122.02212524414062,Wine Bar
1047,Burien,47.47610578200904,-122.33950834947136,Jack in the Box,47.47594432776847,-122.33351871371268,Fast Food Restaurant
1069,Enumclaw,47.20199874730541,-121.98989042597306,Rainier Bar and Grill,47.203803896547,-121.9892653065344,Bar
1070,Enumclaw,47.20199874730541,-121.98989042597306,Kelly's Mercantile,47.2027916553562,-121.9907814949308,Café
1072,Enumclaw,47.20199874730541,-121.98989042597306,Jersey Mike's Subs,47.20095,-121.99021,Fast Food Restaurant
1078,Enumclaw,47.20199874730541,-121.98989042597306,The Mint Restaurant & Alehouse,47.20383404176592,-121.98981799210983,Pub
1083,Enumclaw,47.20199874730541,-121.98989042597306,Grocery Outlet,47.198549,-121.990689,Grocery Store
1086,Enumclaw,47.20199874730541,-121.98989042597306,Taco Bell,47.199902,-121.98738,Fast Food Restaurant
1088,Enumclaw,47.20199874730541,-121.98989042597306,The Local,47.203973,-121.989758,Café
1095,Federal Way,47.309202508311806,-122.33601145364516,Best Sushi,47.30746040263613,-122.33519642432344,Japanese Restaurant
1097,Federal Way,47.309202508311806,-122.33601145364516,Peking Wok,47.30711236293896,-122.33561814842864,Chinese Restaurant
1102,Issaquah,47.541403987791526,-122.04404268636571,The Black Duck Cask and Bottle,47.540383995095,-122.0415417564654,American Restaurant
1103,Issaquah,47.541403987791526,-122.04404268636571,Tantalus Restaurant,47.53998622198396,-122.04196224571928,Greek Restaurant
1106,Issaquah,47.541403987791526,-122.04404268636571,The Egg & Us - Issaquah,47.540973491233416,-122.0422806974299,New American Restaurant
1108,Issaquah,47.541403987791526,-122.04404268636571,Tikka Masala,47.5404229057839,-122.0409300946364,Indian Restaurant
1109,Issaquah,47.541403987791526,-122.04404268636571,Ristorante Nicolino Italiano,47.54032429691112,-122.04096727517133,Italian Restaurant
1111,Issaquah,47.541403987791526,-122.04404268636571,Noodle Boat Thai Restaurant,47.54365380116116,-122.04704987653813,Thai Restaurant
1119,Issaquah,47.541403987791526,-122.04404268636571,Jamba Juice,47.541763,-122.048548,Juice Bar
1125,Issaquah,47.541403987791526,-122.04404268636571,Ohana,47.54058135676011,-122.03976878580109,Japanese Restaurant
1126,Issaquah,47.541403987791526,-122.04404268636571,Masa Mexican Kitchen + Cantina,47.54040229745284,-122.04141735073868,Mexican Restaurant
1130,Issaquah,47.541403987791526,-122.04404268636571,Bloom Juice,47.5403554,-122.041283,Juice Bar
1132,Kent,47.38877723156747,-122.21283768133893,Club Q 4.0,47.38759594422753,-122.21509678164496,Cocktail Bar
1137,Kenmore,47.753190234577936,-122.2461984486472,Fortune Inn,47.75144524009654,-122.24905973334468,Chinese Restaurant
1140,Kenmore,47.753190234577936,-122.2461984486472,Manhattan Express Grocery,47.75150466320506,-122.24974533471014,Grocery Store
1143,Lake Forest Park,47.75954401067598,-122.28774323371928,Buss Stop & Brew House,47.760090000000005,-122.28613500000002,Bar
1173,Redmond,47.6761426935086,-122.11655035637187,Emerald City Smoothie - Redmond,47.672276305326456,-122.11719897877288,Juice Bar
1174,Redmond,47.6761426935086,-122.11655035637187,Noodle Land,47.67250556134524,-122.11965254684236,Thai Restaurant
1175,Redmond,47.6761426935086,-122.11655035637187,Iyara Thai,47.6727536626221,-122.12085217375234,Thai Restaurant
1179,Redmond,47.6761426935086,-122.11655035637187,Kanishka Cuisine of India,47.6726063538663,-122.1179451829365,Indian Restaurant
1182,Redmond,47.6761426935086,-122.11655035637187,Thai 65 Café,47.67277588171635,-122.11263798277454,Thai Restaurant
1183,Redmond,47.6761426935086,-122.11655035637187,Sunny Teriyaki,47.672897,-122.112671,Japanese Restaurant
1185,Redmond,47.6761426935086,-122.11655035637187,Inchin's Bamboo Garden,47.67252628712977,-122.11979151708374,Indian Restaurant
1187,Redmond,47.6761426935086,-122.11655035637187,Sizzle n Spices,47.673319916607234,-122.11978932734218,Pakistani Restaurant
1189,Shoreline,47.7563395797572,-122.34234108555954,Trader Joe's,47.75506797872805,-122.34383584932267,Grocery Store
1192,Shoreline,47.7563395797572,-122.34234108555954,Jersey's Great Food & Spirits,47.75628445912448,-122.34238917485598,Bar
1199,Shoreline,47.7563395797572,-122.34234108555954,Sultan Gyro and Shwarma Grill,47.75621137486833,-122.34617043989206,Mediterranean Restaurant
1201,Shoreline,47.7563395797572,-122.34234108555954,Red Crane Steak And Sushi,47.75349420959226,-122.34608759711382,Sushi Restaurant
1204,Skykomish,47.71033184811229,-121.35860373044385,The Whistling Post,47.70948247488776,-121.35986682870238,Bar
1207,Skykomish,47.71033184811229,-121.35860373044385,Big Bear,47.71184097706668,-121.36035952315108,Restaurant
1215,SeaTac,47.44450000834529,-122.29867338225544,Caffe Vita,47.44468227691037,-122.30356970302016,Café
1240,SeaTac,47.44450000834529,-122.29867338225544,Vino Volo,47.44316470225424,-122.30281216774574,Wine Bar
1249,Phinney Ridge,47.67403681580202,-122.3533276239414,Chef Liao,47.67296182490042,-122.35430668966136,Chinese Restaurant
1250,Phinney Ridge,47.67403681580202,-122.3533276239414,Modern Japanese Cuisine,47.67348502605973,-122.3542226709728,Japanese Restaurant
1254,Phinney Ridge,47.67403681580202,-122.3533276239414,Fresh Flours,47.67315634832812,-122.35446206995992,Café
1259,Phinney Ridge,47.67403681580202,-122.3533276239414,Sully's Snowgoose,47.67378279117656,-122.35455163586168,Bar
1260,Phinney Ridge,47.67403681580202,-122.3533276239414,Rudy's Barbershop - Phinney,47.67561832245191,-122.35447003989864,Salon / Barbershop
1261,Phinney Ridge,47.67403681580202,-122.3533276239414,El Chupacabra,47.67813365495727,-122.35550102009252,Mexican Restaurant
1262,Phinney Ridge,47.67403681580202,-122.3533276239414,The Park Public House,47.67360031288768,-122.35420740446686,Pub
1263,Phinney Ridge,47.67403681580202,-122.3533276239414,Thaiku (ไทยคู) (Thaiku),47.67803187063438,-122.35549902580708,Thai Restaurant
1273,Phinney Ridge,47.67403681580202,-122.3533276239414,Ada's Restaurant,47.672241,-122.354016,New American Restaurant
1275,Phinney Ridge,47.67403681580202,-122.3533276239414,Teasome,47.676195485525696,-122.35416769981384,Asian Restaurant
1281,Wallingford,47.65999533825008,-122.3330655749838,Pho Than Brothers,47.6613619947598,-122.3308850266858,Asian Restaurant
1285,Wallingford,47.65999533825008,-122.3330655749838,Kabul Afghan Cuisine,47.66126853632811,-122.33121831894208,Restaurant
1286,Wallingford,47.65999533825008,-122.3330655749838,The Octopus Bar,47.66134057064252,-122.33323118159028,Dive Bar
1289,Wallingford,47.65999533825008,-122.3330655749838,Jhanjay Vegetarian Thai Cuisine,47.66143471477418,-122.3367502400843,Thai Restaurant
1296,Wallingford,47.65999533825008,-122.3330655749838,Issian Stone Grill,47.66144867059646,-122.33829231193816,Japanese Restaurant
1297,Wallingford,47.65999533825008,-122.3330655749838,Murphy's Pub,47.66144147125998,-122.33396610546468,Pub
1298,Wallingford,47.65999533825008,-122.3330655749838,4649 Yoroshiku Japanese Restaurant,47.661216,-122.334338,Japanese Restaurant
1299,Wallingford,47.65999533825008,-122.3330655749838,Pam's Kitchen,47.6613609295696,-122.33659245829942,Caribbean Restaurant
1304,Wallingford,47.65999533825008,-122.3330655749838,Chutney's Bistro,47.66072595494676,-122.33591165320036,Indian Restaurant
1306,Wallingford,47.65999533825008,-122.3330655749838,Kokkaku,47.66151840099612,-122.33208751726882,Asian Restaurant
1311,Fremont,47.656825776042574,-122.35279432518972,Fremont Bowl,47.65910054386501,-122.35001944268794,Japanese Restaurant
1312,Fremont,47.656825776042574,-122.35279432518972,Rock Creek Seafood & Spirits,47.659440485912334,-122.34975814819336,Seafood Restaurant
1313,Fremont,47.656825776042574,-122.35279432518972,Paseo Caribbean Food,47.65851930999576,-122.35011164625412,Caribbean Restaurant
1320,Fremont,47.656825776042574,-122.35279432518972,The Backdoor,47.65233522884996,-122.352755901177,American Restaurant
1322,Fremont,47.656825776042574,-122.35279432518972,ha!,47.65898789520365,-122.35008845390746,American Restaurant
1324,Fremont,47.656825776042574,-122.35279432518972,Pecado Bueno,47.65928451410614,-122.35021188413796,Mexican Restaurant
1325,Fremont,47.656825776042574,-122.35279432518972,Marketime Foods,47.66053430714124,-122.3497811997662,Grocery Store
1339,Ravenna,47.67511436387862,-122.300030911373,Junebaby,47.67582915444356,-122.3040588250999,Southern / Soul Food Restaurant
1341,Ravenna,47.67511436387862,-122.300030911373,Wataru,47.675887016835055,-122.30146384060689,Sushi Restaurant
1344,Ravenna,47.67511436387862,-122.300030911373,Salare,47.67587596657766,-122.30134296393688,New American Restaurant
1346,Ravenna,47.67511436387862,-122.300030911373,Ravenna's Varsity Restaurant,47.67586032406656,-122.3027105651027,American Restaurant
1347,Ravenna,47.67511436387862,-122.300030911373,Harissa Mediterranean Cuisine,47.67565989873754,-122.303385150996,Mediterranean Restaurant
1348,Ravenna,47.67511436387862,-122.300030911373,Cafe Arta at Third Place,47.67593429814654,-122.3064421742654,Greek Restaurant
1349,Ravenna,47.67511436387862,-122.300030911373,The Pub at Third Place,47.67597275860667,-122.30643782329804,Pub
1353,Ravenna,47.67511436387862,-122.300030911373,Flying Boots Ravenna,47.67596,-122.303343,Bar
1356,Ravenna,47.67511436387862,-122.300030911373,The Herbalist,47.675967,-122.304719,Grocery Store
1372,Bryant,47.67165144923028,-122.28598302324818,Mioposto,47.66866232440006,-122.29037962435144,Italian Restaurant
1374,Bryant,47.67165144923028,-122.28598302324818,La Villa Mexican Restaurant,47.6687076,-122.290969,Mexican Restaurant
1375,Bryant,47.67165144923028,-122.28598302324818,Yummy Cafe,47.66867441692962,-122.28427286942627,Chinese Restaurant
1382,Bryant,47.67165144923028,-122.28598302324818,La Piazza,47.66862869262695,-122.2904815673828,Seafood Restaurant
1386,Laurelhurst,47.65948419608027,-122.27884899806382,Children's Ocean Cafe,47.662563933061065,-122.2807803069862,Café
1393,Roosevelt,47.68307101675982,-122.31641285007336,Mojito,47.684259651015545,-122.31615120824802,Latin American Restaurant
1394,Roosevelt,47.68307101675982,-122.31641285007336,The Shambles,47.686509,-122.31233,Bar
1397,Roosevelt,47.68307101675982,-122.31641285007336,Chiang's Gourmet,47.6863954797841,-122.31419829135096,Chinese Restaurant
1399,Roosevelt,47.68307101675982,-122.31641285007336,Safeway,47.68197097039437,-122.31700034471942,Grocery Store
1402,Roosevelt,47.68307101675982,-122.31641285007336,Don Lucho’s,47.686616,-122.317709,Peruvian Restaurant
1413,South Park,47.52827901040988,-122.32601221781538,Osprey Bistro,47.526024,-122.328926,Restaurant
1416,South Park,47.52827901040988,-122.32601221781538,Seattle Bartending College,47.52617388632987,-122.3295156934273,Bar
1421,South Park,47.52827901040988,-122.32601221781538,La Toscanella South Park,47.5256773516526,-122.33017395759842,Italian Restaurant
1427,Wedgwood,47.69062029227398,-122.29188573666364,Wedgwood Alehouse,47.69065180709169,-122.2909886529071,Pub
1448,Bitter Lake,47.719506036232005,-122.35021822213868,Chada Thai,47.71966349876733,-122.35511390944248,Thai Restaurant
1452,Bitter Lake,47.719506036232005,-122.35021822213868,Chick-fil-A,47.7225581,-122.3456721,Fast Food Restaurant
1458,Bitter Lake,47.719506036232005,-122.35021822213868,Jack in the Box,47.72031778093748,-122.34544783830644,Fast Food Restaurant
1459,Bitter Lake,47.719506036232005,-122.35021822213868,Ichi Roll Teriyaki,47.71968691167535,-122.35506623717754,Sushi Restaurant
1467,Bitter Lake,47.719506036232005,-122.35021822213868,Siam Bistro,47.720366,-122.344692,Thai Restaurant
1468,Bitter Lake,47.719506036232005,-122.35021822213868,Heads Or Tails,47.72059790190491,-122.34471108632069,Dive Bar
1471,Bitter Lake,47.719506036232005,-122.35021822213868,Broadview Tap House,47.719337,-122.356152,Beer Bar
1472,Bitter Lake,47.719506036232005,-122.35021822213868,L'forno,47.723272,-122.348015,Restaurant
1476,North Beach - Blue Ridge,47.69968906799548,-122.38420281670864,Barn & Field Kitchen & Bakery,47.700046043551325,-122.37811866821096,Café
1480,Crown Hill,47.69699698091512,-122.3724997324924,The Thirsty Fish,47.69521376887744,-122.37527285292576,Sports Bar
1484,Crown Hill,47.69699698091512,-122.3724997324924,McDonald's,47.69506999628123,-122.37448290805332,Fast Food Restaurant
1493,Greenwood,47.69417433724555,-122.3553241543469,Gainsbourg,47.69142155514444,-122.35514729320126,French Restaurant
1498,Greenwood,47.69417433724555,-122.3553241543469,The Cozy Nut Tavern,47.69054729248996,-122.3567953099054,Bar
1499,Greenwood,47.69417433724555,-122.3553241543469,La Conasupo,47.69106170847363,-122.35521414187436,Mexican Restaurant
1500,Greenwood,47.69417433724555,-122.3553241543469,Gorditos,47.6905423106435,-122.35573931883448,Mexican Restaurant
1503,Greenwood,47.69417433724555,-122.3553241543469,Hummus Cafe,47.69059029580317,-122.3552409109078,Middle Eastern Restaurant
1506,Greenwood,47.69417433724555,-122.3553241543469,The Olive & Grape,47.69084499763496,-122.35514050115624,Mediterranean Restaurant
1509,Greenwood,47.69417433724555,-122.3553241543469,Great Clips,47.6920522,-122.3554934,Salon / Barbershop
1510,Greenwood,47.69417433724555,-122.3553241543469,Teachers Lounge,47.69078813521612,-122.3553699574463,Bar
1511,Greenwood,47.69417433724555,-122.3553241543469,Phad Thai,47.690955027011526,-122.35517204257972,Thai Restaurant
1512,Greenwood,47.69417433724555,-122.3553241543469,The Angry Beaver,47.69026830186801,-122.35509724015354,Sports Bar
1513,Greenwood,47.69417433724555,-122.3553241543469,Chaco Canyon Organic Café,47.69010606193001,-122.35513690184,Vegetarian / Vegan Restaurant
1516,Greenwood,47.69417433724555,-122.3553241543469,Baranof Bar & Restaurant,47.691790465387975,-122.35575815308506,Karaoke Bar
1523,North Juanita,47.7215265128859,-122.20143057364668,Jamba Juice,47.723349,-122.206037,Juice Bar
1524,North Juanita,47.7215265128859,-122.20143057364668,I Love Bento's,47.72188809548216,-122.2071579380657,Sushi Restaurant
1528,North Juanita,47.7215265128859,-122.20143057364668,The Game Neighborhood Grill,47.721621479971056,-122.20733975391914,Bar
1529,North Juanita,47.7215265128859,-122.20143057364668,Great Clips,47.7236286,-122.2055807,Salon / Barbershop
1531,North Juanita,47.7215265128859,-122.20143057364668,La Corona,47.7218928116531,-122.20732041199174,Mexican Restaurant
1532,North Juanita,47.7215265128859,-122.20143057364668,Safeway,47.7232709,-122.2062858,Grocery Store
1536,North Juanita,47.7215265128859,-122.20143057364668,McDonald's,47.72274922949413,-122.20738917589188,Fast Food Restaurant
1538,North Juanita,47.7215265128859,-122.20143057364668,Readi Spaghetti,47.723664,-122.207173,Italian Restaurant
1539,Finn Hill,47.71786018663348,-122.23389381440283,Takeout Online,47.71855294704437,-122.23366677761078,American Restaurant
1547,Central Houghton,47.65660321025795,-122.1947860386377,The Aerie Café,47.657452473716745,-122.19346192181123,Café
1552,Lakeview,47.65259286763717,-122.2051786563834,Le Grand Bistro Américain,47.656424962911,-122.20740354353944,French Restaurant
1559,Moss Bay,47.67389286044311,-122.20061087338551,Isarn Thai Soul Kitchen,47.67431950461443,-122.20603620256811,Thai Restaurant
1562,Moss Bay,47.67389286044311,-122.20061087338551,Top Golf,47.677576,-122.199848,Sports Bar
1563,Moss Bay,47.67389286044311,-122.20061087338551,Cactus,47.67614610828242,-122.20585326756678,Mexican Restaurant
1565,Moss Bay,47.67389286044311,-122.20061087338551,Rococo,47.67631829904391,-122.2053975012034,Café
1568,Moss Bay,47.67389286044311,-122.20061087338551,Cafe Happy,47.67565126634268,-122.20635467189162,Chinese Restaurant
1573,Moss Bay,47.67389286044311,-122.20061087338551,Sushi Joa - Kirkland,47.67570494299119,-122.20633925324186,Sushi Restaurant
1574,Moss Bay,47.67389286044311,-122.20061087338551,Alanya Cafe,47.6755899326549,-122.20668675496132,Turkish Restaurant
1575,Moss Bay,47.67389286044311,-122.20061087338551,Lai Thai,47.676143427472105,-122.20606156856388,Thai Restaurant
1577,Moss Bay,47.67389286044311,-122.20061087338551,Bottle & Bull,47.67525247383147,-122.20650734140216,Restaurant
1578,Moss Bay,47.67389286044311,-122.20061087338551,Ristorante Paradiso,47.676172152550855,-122.20592587876446,Italian Restaurant
1586,Moss Bay,47.67389286044311,-122.20061087338551,Volterra,47.675537733277125,-122.2054239905151,Italian Restaurant
1590,Everest,47.67177061116588,-122.19193435956936,FooBar,47.67026226395549,-122.19737025710818,Café
1602,Highlands,47.6884126415569,-122.1881431029805,The Hawk House,47.689412,-122.189733,Public Art
1610,Totem Lake,47.7102860535989,-122.1786006148408,Chick-fil-A,47.7096168,-122.1792938,Fast Food Restaurant
1611,Totem Lake,47.7102860535989,-122.1786006148408,Trader Joe's,47.71177,-122.18181,Grocery Store
1613,Totem Lake,47.7102860535989,-122.1786006148408,Whole Foods Market,47.71163673124393,-122.17980830375538,Grocery Store
1614,Totem Lake,47.7102860535989,-122.1786006148408,Cafe Veloce,47.711396930736896,-122.1786610341016,Italian Restaurant
1624,Totem Lake,47.7102860535989,-122.1786006148408,Alta Healthy Cafe,47.712148,-122.176588,Szechuan Restaurant
1625,Totem Lake,47.7102860535989,-122.1786006148408,I Love Teriyaki,47.706985875664174,-122.17658007898808,Japanese Restaurant
1632,Totem Lake,47.7102860535989,-122.1786006148408,Pho Express and Specialties,47.7067388335199,-122.17665413406203,Vietnamese Restaurant
1634,Totem Lake,47.7102860535989,-122.1786006148408,Panda Express,47.713512,-122.182335,Chinese Restaurant
1635,Totem Lake,47.7102860535989,-122.1786006148408,Ken Zaburo,47.70864465021301,-122.17498982245516,Sushi Restaurant
1636,Totem Lake,47.7102860535989,-122.1786006148408,Chan's Place,47.70613706785685,-122.1771207838337,Chinese Restaurant
1637,Totem Lake,47.7102860535989,-122.1786006148408,Royal Palace,47.706395,-122.177206,Peking Duck Restaurant
1639,Totem Lake,47.7102860535989,-122.1786006148408,Azteca Mexican Restaurant,47.70647811889648,-122.1762466430664,Mexican Restaurant
1640,Market,47.689288634865285,-122.2131332600005,The Market Street Grill,47.6892684119161,-122.20965722718184,American Restaurant
1655,West Hill,47.49219519469924,-122.23966848497588,My's Vietnamese Sandwiches And Deli,47.49075,-122.23991,Vietnamese Restaurant
1656,West Hill,47.49219519469924,-122.23966848497588,Angel City Deli,47.49064891745389,-122.23976747963002,Southern / Soul Food Restaurant
1665,City Center,47.486948321780986,-122.2073909454343,El Burrito Loco,47.487319222513406,-122.201820669094,Mexican Restaurant
1671,City Center,47.486948321780986,-122.2073909454343,HOMERUN Restaurant & Lounge,47.48480481513662,-122.21068491628655,Restaurant
1672,City Center,47.486948321780986,-122.2073909454343,Trophies Bar & Eatery,47.486398,-122.202529,Sports Bar
1674,City Center,47.486948321780986,-122.2073909454343,Taquera El Asadero,47.48732013800007,-122.2017597497806,Mexican Restaurant
1677,Benson,47.452076438279526,-122.1847317194833,R Bar & Grill,47.449186898112536,-122.18563738573218,Sports Bar
1680,Benson,47.452076438279526,-122.1847317194833,Momma's Teriyaki,47.45090866088867,-122.18518829345705,Asian Restaurant
1681,Benson,47.452076438279526,-122.1847317194833,Golden Wok,47.449471,-122.185586,Asian Restaurant
1687,Talbot,47.44135533360245,-122.2087107298092,Trendz,47.44271964815717,-122.21347780913848,Café
1699,Wilburton,47.61733395681919,-122.17368482614673,Pho Ever,47.61706112081741,-122.17945484008122,Vietnamese Restaurant
1701,Wilburton,47.61733395681919,-122.17368482614673,The Goose Pub & Eatery,47.61976216740446,-122.17892252420768,Dive Bar
1708,Somerset,47.5571323331904,-122.15354136754036,Couche De Fine,47.56001,-122.149494,Bar
1717,West Lake Hills,47.59727235376141,-122.14527701355988,Tokyo Stop Teriyaki,47.596945717349406,-122.14971567666548,Japanese Restaurant
1723,West Lake Hills,47.59727235376141,-122.14527701355988,Combo Restaurant,47.59562903473073,-122.14919796640724,Chinese Restaurant
1730,Factoria,47.57205010565709,-122.16623291576016,Saigon Deli,47.57585587574101,-122.16864619339488,Vietnamese Restaurant
1738,Factoria,47.57205010565709,-122.16623291576016,I Love Pho,47.575479,-122.16877,Vietnamese Restaurant
1739,Factoria,47.57205010565709,-122.16623291576016,Toshi's Teriyaki,47.57351424653309,-122.168510601396,Asian Restaurant
1742,Factoria,47.57205010565709,-122.16623291576016,Chipotle Mexican Grill,47.57446586629125,-122.16895959573382,Mexican Restaurant
1743,Factoria,47.57205010565709,-122.16623291576016,Jamba Juice,47.574809,-122.170978,Juice Bar
1744,Factoria,47.57205010565709,-122.16623291576016,Panda Express,47.5747549404285,-122.17096561298412,Chinese Restaurant
1747,Factoria,47.57205010565709,-122.16623291576016,Southgate Oriental Grocery,47.57529527239637,-122.16864948572008,Grocery Store
1748,Factoria,47.57205010565709,-122.16623291576016,Greek Express,47.5739765206745,-122.17214610279284,Greek Restaurant
1750,Factoria,47.57205010565709,-122.16623291576016,Ooba Tooba,47.575818373840136,-122.16831939758156,Mexican Restaurant
1752,Factoria,47.57205010565709,-122.16623291576016,Ricardo's Mexican Restaurant,47.57270193041807,-122.17038135826536,Mexican Restaurant
1753,Factoria,47.57205010565709,-122.16623291576016,Dim Sum Factory 鼎記,47.57333562680482,-122.17232776168171,Dim Sum Restaurant
1755,Factoria,47.57205010565709,-122.16623291576016,Teriyaki Time,47.57580917296262,-122.16871417853343,Asian Restaurant
1758,Factoria,47.57205010565709,-122.16623291576016,Boba T Express,47.574004028669385,-122.17190093770814,Café
1771,Eastgate - Cougar Mountain,47.55326073931897,-122.12266548886224,Seattle Seahawks 12 Club,47.55297127722476,-122.1255963574541,American Restaurant
1776,White Center,47.5086343930155,-122.34789107149508,Saar's Super Saver Foods,47.508113631401365,-122.35437452450589,Grocery Store
